{
	"class_name" : "PinholeCameraParameters",
	"extrinsic" : 
	[
		0.97084589507840602,
		0.0045882980052255372,
		0.23966058401586185,
		0.0,
		-0.00045783609948677427,
		0.99985045581739396,
		-0.017287463314664783,
		0.0,
		-0.23970406420316434,
		0.016673737528374293,
		0.97070281141105197,
		0.0,
		0.21524613991017655,
		-0.24009277115483388,
		1.3838019338191534,
		1.0
	],
	"intrinsic" : 
	{
		"height" : 1080,
		"intrinsic_matrix" : 
		[
			467.65371804359688,
			0.0,
			0.0,
			0.0,
			467.65371804359688,
			0.0,
			359.5,
			269.5,
			1.0
		],
		"width" : 1920
	},
	"version_major" : 1,
	"version_minor" : 0
}